<?xml version="1.0" encoding="UTF-8" ?>
<!DOCTYPE struts PUBLIC "-//Apache Software Foundation//DTD Struts Configuration 2.0//EN" 
"http://struts.apache.org/dtds/struts-2.0.dtd">

<struts>
	<constant name="struts.objectFactory" value="org.apache.struts2.spring.StrutsSpringObjectFactory" />
	<constant name="struts.ui.theme" value="csi" />
	<constant name="struts.action.extension" value="do" />
	<constant name="struts.i18n.reload" value="false" />
	<constant name="struts.custom.i18n.resources" value="globalMessages" />
	<constant name="struts.multipart.parser" value="org.apache.struts2.dispatcher.multipart.JakartaMultiPartRequest" />
	<!-- costanti per il fileUpload interceptor: settare solo se necessarie
	<constant name="struts.multipart.maxSize" value="4524288" />
	<constant name="struts.multipart.saveDir" value="/tmp" />
	-->
	
	<package name="jsp-package" extends="struts-default">
		<interceptors>
			<interceptor-stack name="jsp-stack">
				<interceptor-ref name="exception" />
				<interceptor-ref name="i18n" />
				<interceptor-ref name="chain" />
				<interceptor-ref name="checkbox" />
				<interceptor-ref name="static-params" />
				<interceptor-ref name="servlet-config" />
				<interceptor-ref name="fileUpload"/>
				<interceptor-ref name="params" />
				<interceptor-ref name="conversionError"/>
				<interceptor-ref name="prepare" />
				<interceptor-ref name="validation" />
				<interceptor-ref name="workflow" />
			</interceptor-stack>
		</interceptors>
		
		<default-interceptor-ref name="jsp-stack"/>
		
		<!-- gestione globale delle eccezioni -->
		<global-results>
			<result name="errorRuntime">/jsp/error/applicationError.jsp</result>
		</global-results>
		<global-exception-mappings>
			<exception-mapping result="errorRuntime" exception="java.lang.RuntimeException"/>
		</global-exception-mappings>
		
	</package>

	<package name="default" extends="jsp-package" namespace="/">
		<action name="notFoundError">
			<result>/jsp/error/notFound.jsp</result>
		</action>
		<action name="fatalError">
			<result>/jsp/error/fatalError.jsp</result>
		</action>		
		<action name="sessionExpired">
			<result>/jsp/error/sessionExpired.jsp</result>
		</action>
		<action name="HomePage" class="it.csi.myprod.mycomp.presentation.mycomp.action.HomeAction">
			<result type="chain">cpHome</result>
		</action>
		
		<action name="Logout" class="it.csi.myprod.mycomp.presentation.mycomp.action.LogoutAction">
			<result name="confirmLogout">/jsp/error/confirmLogout.jsp</result>
			<result name="SSO_LOGOUT" type="redirect">
				<param name="location">@LOGOUT_URL@</param>
			</result>
			<result name="LOCAL_LOGOUT" type="redirect">
				<param name="location">http://www.sistemapiemonte.it/ambiente</param>
			</result>
		</action>
		
	</package>

</struts>
