<?xml version="1.0" encoding="UTF-8" ?>
<!DOCTYPE struts PUBLIC "-//Apache Software Foundation//DTD Struts Configuration 2.0//EN" 
"http://struts.apache.org/dtds/struts-2.0.dtd">

<struts>
	<package name="base" extends="jsp-package" namespace="/">
		
		
		<!-- MENU -->
		
		
			
<action name="cpHome" class="it.csi.myprod.mycomp.presentation.mycomp.action.home.CpHomeAction">
	<result name="input">/jsp/cpHome.jsp</result>
	<result name="success">/jsp/cpHome.jsp</result>
	
	
	
</action>
	
		<!--PROTECTED REGION ID(R1672727510) ENABLED START-->
		<!-- inserire qui la dichiarazione di azioni aggiuntive hand-written -->
		<!--PROTECTED REGION END-->
	</package>
</struts>
