<?xml version="1.0" encoding="UTF-8"?>
<application xmlns="http://java.sun.com/xml/ns/j2ee" xmlns:xsi="http://www.w3.org/2001/XMLSchema-instance" version="1.4" xsi:schemaLocation="http://java.sun.com/xml/ns/j2ee http://java.sun.com/xml/ns/j2ee/application_1_4.xsd">
  <display-name>mycomp-ear</display-name>

  <!-- TEMPORANEAMENTE COMMENTATO
  <module>
    <ejb>mycomp-business.jar</ejb>
  </module>
  -->


  <module>
    <web>
      <web-uri>mycomp.war</web-uri>
      <context-root>/mycomp</context-root>
    </web>
  </module>
</application>
